Trip_Distance_km,Time_of_Day,Day_of_Week,Passenger_Count,Traffic_Conditions,Weather,Base_Fare,Per_Km_Rate,Per_Minute_Rate,Trip_Duration_Minutes,Trip_Price
-0.3985427496397867,9,0,3.0,1,0,3.56,0.8,0.32,-0.24938096666684276,36.2624
0.4304395558007347,20,1,1.0,0,0,2.7,1.21,0.15,-0.7649598708925739,52.9032
-0.9053007685477767,15,1,2.0,2,0,2.55,1.71,0.48,0.8568550991371279,60.2028
0.663235956643621,23,1,3.0,0,0,4.6,1.77,0.11,0.7827114259010409,88.1328
-0.845209014671666,20,0,2.0,0,0,2.32,1.26,0.34,-0.6263298936234197,28.9914
-0.8414237073408872,23,0,4.0,0,0,4.33,0.85,0.43,-0.8668295395824919,27.4415
-0.5613109648632681,9,0,4.0,1,0,4.42,1.77,0.21,1.6543668784832744,56.716
-0.050294475208152084,15,1,4.0,1,1,4.3,1.59,0.2,1.537543863930616,69.0049
0.15174630357215765,15,1,1.0,1,1,4.5,0.84,0.25,-0.1496919942485744,44.7782
3.6987472455245443,23,1,2.0,1,1,3.94,1.69,0.32,-1.2085757981538676,201.8695092
-0.41746928629367996,23,0,1.0,1,0,3.38,0.78,0.39,-0.24252734981308685,39.2366
5.220193701829905,20,1,4.0,2,1,2.24,1.75,0.32,1.0291301045974477,280.8773016
-1.1589163597099454,20,0,2.0,2,0,2.88,1.76,0.2,0.5051399433239253,24.2608
0.1418098718288637,9,0,1.0,1,0,3.64,1.33,0.13,1.4883224337990957,58.8121
-0.8712330025707691,15,0,1.0,2,0,2.4,1.85,0.15,-1.7057745480899806,20.7765
0.9722116675184272,9,0,2.0,1,0,2.49,0.61,0.44,0.16900118945107687,61.5552
0.6074026735146361,15,0,1.0,1,0,2.31,0.88,0.38,-0.6098189075666439,54.1018
-1.0401523422067658,20,0,4.0,1,0,4.63,1.83,0.24,1.4095058399809024,40.9225
-0.9838458956614335,15,1,2.0,1,0,2.32,0.78,0.18,0.32850354532030623,20.791
-0.11890317057851485,20,0,2.0,0,0,3.95,1.71,0.12,0.6450160327483079,57.0482
-1.186833001274438,15,0,4.0,1,0,4.6,1.95,0.34,1.1110619788037117,42.9921
0.2690908308262954,15,1,2.0,1,1,2.23,0.63,0.12,0.06993527311042255,30.9982
-0.06117723378414069,9,1,3.0,2,0,2.15,1.25,0.2,-0.43162486936898947,44.844
0.0008071737573594411,20,0,2.0,1,0,2.77,0.72,0.43,-0.3799112149270127,44.1197
-0.8381115634264559,9,0,2.0,2,1,2.41,1.16,0.38,-1.4275800094352509,20.1596
0.5302770366500212,15,0,3.0,1,0,3.16,1.28,0.26,-1.4440909954920265,57.0766
0.808023962045904,20,1,1.0,2,1,3.83,0.51,0.29,-0.2898796117117642,41.9343
0.11957119126053926,23,1,1.0,1,0,4.5,1.64,0.35,-0.316982551087981,72.2695
0.8704815330037515,15,0,4.0,2,0,4.13,1.57,0.28,0.6643307711543475,99.8989
-1.1617553402080296,15,0,3.0,1,1,2.83,1.63,0.31,0.9954850764062823,37.1504
-0.5125751329794932,15,0,3.0,2,2,3.92,1.93,0.42,1.196732189475661,78.715
-0.6374902748951882,23,0,3.0,0,0,4.99,0.99,0.37,1.4447085083661038,59.181
-0.4397079668620044,15,0,4.0,2,0,2.84,1.37,0.39,1.3889449894196346,69.6575
5.597244346619996,15,0,2.0,2,0,4.79,0.73,0.3,-0.03162286754068796,320.9586636
-0.008656094569587118,20,1,1.0,2,1,2.07,1.03,0.46,0.17149341376153351,61.4595
-0.9398416979411319,9,0,4.0,2,0,4.09,1.55,0.47,1.5222789900290685,68.3748
0.5932077710242163,9,0,4.0,2,0,4.18,1.34,0.12,1.453742821491509,71.2142
0.523652748821159,9,1,2.0,1,0,4.93,1.34,0.25,-0.3618425886762016,69.5281
-1.254022206395759,9,0,2.0,0,0,4.47,0.62,0.16,-0.7425298520984636,11.3358
0.3722404555900133,23,1,1.0,0,1,3.94,0.62,0.1,1.3144897881447406,36.4388
0.5212869317394221,15,0,2.0,1,0,3.95,1.88,0.33,0.6574771543005916,104.2421
-0.9980407981518534,23,1,2.0,2,0,3.32,1.35,0.38,-1.5496990006476294,16.9284
0.7342104690957204,20,0,1.0,2,1,2.12,1.82,0.37,-0.8029662916270388,94.2463
0.17824345488760807,9,0,2.0,0,0,3.09,1.91,0.26,0.9827124268151918,87.6076
-0.49979972073811524,15,0,2.0,1,1,4.48,1.61,0.1,1.400471526855497,42.8661
-1.1196437961531172,20,1,2.0,0,1,4.1,0.63,0.15,-0.9764874092425869,11.2613
-0.5130482963958406,15,0,4.0,1,2,2.17,1.12,0.37,-0.08520569021550711,42.9949
0.4247615948045669,15,0,2.0,2,0,3.28,1.21,0.27,1.3593498257329613,76.2217
0.7900437522247054,23,1,1.0,1,0,4.79,0.79,0.31,0.06775457683877315,59.7613
-0.9895238566576016,23,1,2.0,0,0,2.93,1.18,0.18,1.265579886052028,29.4658
0.3869085214967806,15,1,4.0,1,0,3.58,0.95,0.44,-1.7359927678542681,40.4165
0.03440177631801989,15,0,1.0,2,0,4.92,1.78,0.46,1.4799111767513045,105.9418
-0.05502610937162545,9,0,4.0,1,1,3.07,0.68,0.18,0.12725643225092692,33.0286
-0.2755202613894811,9,0,3.0,2,0,4.05,0.88,0.1,-0.5244602249335018,27.865
0.2085259135338372,23,0,2.0,2,1,2.95,1.39,0.17,0.7883189305995684,62.4923
-0.08767438509959108,23,0,3.0,1,0,3.97,1.71,0.46,-1.2160524710852378,58.7766
0.8373600938594383,23,1,4.0,1,1,2.12,1.28,0.23,-0.15249574659783832,73.4155
-0.6885919238606998,9,0,2.0,1,1,3.79,0.68,0.37,-0.3085712940401895,31.99
-0.31526598836265673,15,1,4.0,0,1,4.61,0.69,0.18,0.6926798226857924,34.3067
4.02463420962524,15,0,2.0,0,2,3.35,1.9,0.23,0.5235200976135432,233.0082852
3.547524511021256,20,0,2.0,2,0,2.23,1.8,0.23,-0.27212251349976013,274.5350868
0.8889349062412973,9,0,3.0,1,0,4.46,0.87,0.46,1.7877008790927076,99.8038
0.6069295100982889,15,1,3.0,2,0,2.73,0.55,0.26,-1.3901966447784002,29.532
0.20190162570497455,15,0,3.0,1,0,3.26,0.65,0.2,-0.9353657081200513,30.446
-0.8343262560956773,20,0,3.0,0,1,2.73,1.06,0.4,-1.4201033365038809,19.9744
-0.0162267092311444,9,1,4.0,1,1,2.58,1.59,0.28,-1.1929993962135133,52.7821
0.6050368564328996,20,1,3.0,2,1,2.31,0.67,0.44,1.797981304373342,82.0828
0.8108629425439877,23,0,1.0,1,1,4.73,1.11,0.33,-1.125397811792375,63.0611
-1.011762537225926,20,0,4.0,0,0,4.28,1.31,0.38,1.2693182225177126,51.6275
-0.7382740825771694,15,1,4.0,1,1,2.15,1.73,0.31,-1.6970517630033821,25.4826
-0.08246958751977049,9,0,2.0,2,0,2.27,1.55,0.4,0.6901875983753357,76.2085
-0.29917843220684753,20,0,2.0,2,0,4.27,1.12,0.3,0.6453275607871151,53.056
-0.9890506932412542,9,0,2.0,2,1,2.56,1.5,0.23,-1.6456496366002127,14.935
-0.4841853279986535,9,0,2.0,1,1,2.56,1.29,0.49,-0.30420990149689026,50.696
-0.5173067671429665,9,1,2.0,2,2,2.17,1.01,0.12,1.1278844928992948,30.942
-0.0640162142822246,20,0,3.0,0,0,3.76,1.86,0.23,1.0970432170573932,75.2204
-0.4236204107061952,15,0,2.0,1,1,2.05,0.63,0.12,0.4026472185563931,22.8766
0.986406570008847,15,1,1.0,1,1,2.15,1.17,0.11,0.39454748954740865,67.2293
3.8725180243010335,15,0,4.0,0,0,4.46,1.69,0.23,-0.24751179843400017,327.2176655
-0.6062614894162645,9,0,1.0,2,1,3.79,0.9,0.17,0.15062103516145856,28.5862
-1.18115504027827,20,1,3.0,1,1,2.82,1.12,0.38,-0.1612185316844368,27.4942
0.14654150599233706,20,0,4.0,2,0,2.08,1.85,0.31,-0.19361744772037398,76.4286
-1.1475604377176096,20,0,4.0,2,1,3.88,1.53,0.23,0.80420686057873,29.4228
0.8392527475248276,20,0,1.0,2,0,4.23,0.63,0.13,-1.064649844224993,36.4958
-0.7113037678453716,20,0,4.0,1,1,4.03,1.8,0.16,-0.2914372519057997,35.3572
-0.9308515930305326,15,1,1.0,0,0,2.62,0.98,0.13,-0.9543689184872837,14.6127
-0.13215174623624013,15,1,3.0,1,1,3.06,0.77,0.42,0.3213384004277431,52.5934
1.0185816823204654,15,0,2.0,1,0,2.38,0.86,0.4,-0.4394130703391667,63.866
-0.7056258068492037,20,0,1.0,1,0,2.39,1.13,0.4,-0.16215311580085812,39.5698
0.49904825117109763,20,0,1.0,2,0,4.58,0.98,0.37,-1.0409737132756542,52.6453
-0.41415714237924867,20,0,2.0,2,0,2.55,1.36,0.12,-0.21635899455329133,35.0028
-1.0576593886116168,9,0,3.0,2,1,3.85,1.84,0.24,0.21510733919452607,30.318
0.6698602444724836,20,1,4.0,2,1,4.34,1.64,0.21,0.23192985329010857,87.6519
-1.1721649353676709,9,0,2.0,1,0,2.17,0.73,0.45,-0.8665180115436848,19.6645
0.10301047168838265,9,0,2.0,2,0,4.24,0.7,0.24,1.1341150536754367,48.7802
-1.228471381913003,23,0,1.0,1,1,2.86,1.71,0.32,-1.2833425274675692,12.5567
0.33533370911492155,20,0,4.0,1,0,3.74,1.45,0.4,-1.2556165320137382,62.895
-0.4761415499207488,23,0,4.0,2,0,2.71,1.48,0.48,-1.7372388800094967,31.8296
-1.0037187591480214,15,0,3.0,1,0,3.48,0.85,0.31,1.125080740550031,39.4174
0.7673319082400336,23,0,2.0,1,0,2.64,0.96,0.29,0.40140110640116455,66.5363
-0.668719060374112,9,0,4.0,2,1,2.43,1.54,0.14,-0.5630897017455807,29.5606
0.2634128698301276,23,1,1.0,2,0,4.28,0.52,0.41,0.32725743316507766,51.2721
0.6277487004175712,15,1,1.0,0,0,3.5,1.06,0.4,-0.6394140712533175,63.5224
0.020206873827599964,9,1,2.0,1,0,4.74,1.03,0.22,-1.4587328133159596,37.086
-0.48087318408422214,9,0,1.0,1,0,4.26,1.34,0.47,0.08893848347765537,58.257
0.7900437522247054,20,0,2.0,0,0,4.95,1.71,0.24,-0.08240193786624343,95.1969
0.54115979522601,9,0,2.0,1,2,2.88,0.94,0.21,0.28395503577089237,54.6348
-0.8920521928900516,9,0,3.0,1,0,3.69,1.07,0.36,-0.613245715993522,28.4048
0.8165409035401558,15,0,1.0,0,0,2.76,0.95,0.24,-0.920412362257311,53.2857
-1.031635400712514,15,0,4.0,2,1,4.69,1.89,0.32,0.8954845759492066,44.9557
-0.8939448465554408,23,1,4.0,0,0,4.72,1.85,0.44,0.8219639587907338,59.9604
0.3372263627803108,15,1,3.0,2,0,4.9,0.85,0.25,-0.733184010934251,44.1375
-0.5125751329794932,9,1,4.0,1,0,2.56,0.63,0.19,0.11199155834937975,25.662
0.46403415836139517,15,0,4.0,1,2,2.91,1.16,0.47,0.7070101124709183,86.2272
0.702035356784102,9,0,3.0,1,1,2.43,0.94,0.49,0.005760497116162511,72.8683
0.25773490883395944,23,1,1.0,1,0,2.31,1.66,0.32,-0.6481368563399157,70.5816
4.8752894341371595,15,0,1.0,0,0,3.93,0.63,0.16,0.825079239178805,328.8717691
0.9892455505069312,15,0,4.0,1,1,2.59,1.01,0.14,-0.32352463990292984,58.9584
-0.35548487875217966,9,0,3.0,1,1,2.29,0.63,0.27,-1.0007865962695397,23.0728
0.19669682812515396,15,0,1.0,2,0,4.77,1.71,0.32,-0.7524987493402904,71.4247
0.5761738880357125,20,1,3.0,1,0,4.46,1.19,0.31,-1.139416573538694,59.828
0.07083535937676425,9,1,4.0,2,1,3.97,1.9,0.1,-0.8671410676212988,62.982
-0.12505429499103027,9,1,4.0,2,1,3.61,1.02,0.42,-0.14314990543362574,53.2792
-0.6157247577432111,20,1,3.0,2,0,3.89,1.92,0.47,-0.3690077335687648,55.7198
-1.2104911720918043,15,0,1.0,2,0,2.8,0.51,0.18,-1.4836550564205266,6.4729
0.22981826726946716,23,0,1.0,2,0,2.12,0.86,0.37,-1.4484523880353257,35.8539
0.9135394038913583,20,1,1.0,0,1,4.67,0.76,0.34,0.37710191937421206,65.587
0.9447681893702823,20,0,3.0,0,0,3.71,0.67,0.17,-0.2699418172281107,44.733
0.8543939768479422,20,0,4.0,2,0,4.5,1.36,0.39,-0.22321261140704746,88.1462
-0.40847918138308065,20,1,2.0,1,2,4.97,1.79,0.22,-1.577113468062653,41.6946
0.8856227623268661,15,0,3.0,1,0,4.08,1.99,0.34,0.03815941315209967,118.0321
-0.274100771140439,9,0,1.0,2,0,4.02,1.52,0.17,-1.234432625374856,41.2036
0.9674800333549539,23,0,3.0,2,0,4.96,1.99,0.22,-1.3275795089781754,105.144
-0.58402280884794,20,0,2.0,0,0,2.73,0.93,0.16,0.41417375599225553,29.0991
-0.5319748330497337,9,1,4.0,2,0,4.34,0.63,0.27,-1.1484508866640997,21.4931
-0.8735988196525056,15,1,2.0,1,1,4.73,0.5,0.2,1.6612204953370302,32.415
0.02399218115837869,15,0,2.0,1,1,3.15,1.17,0.4,1.2914367132730162,77.5496
0.9036029721480644,9,0,4.0,1,0,3.89,1.76,0.2,-0.9444000212454567,92.6832
0.34716279452360477,15,0,3.0,1,1,3.29,1.36,0.45,-0.5967347299367463,70.2411
0.05474780322095505,9,0,2.0,2,0,3.31,2.0,0.46,-1.0182321664427367,74.5744
-1.0415718324558079,15,0,2.0,0,2,2.93,0.93,0.18,-0.007946736591349306,19.3694
0.45078558270366986,9,0,3.0,1,2,4.21,1.86,0.35,1.1104389227260978,107.7025
4.18385868163689,15,1,4.0,2,0,2.2,0.85,0.25,-1.314495331348278,206.6995697
5.26580203235921,15,0,2.0,1,1,2.8,1.82,0.14,-0.34252785027016225,276.8405967
0.6097684905963726,15,0,2.0,2,0,3.9,0.67,0.3,-0.8577952264570863,41.4292
0.7436737374226672,20,0,1.0,1,0,2.77,1.45,0.2,0.222584012125896,79.6245
0.8506086695171635,9,0,3.0,2,1,4.16,0.75,0.23,-0.296421700526713,50.5038
0.24022786242910835,23,0,4.0,2,0,2.44,1.18,0.42,-0.9440884932066498,54.4414
0.5780665417011017,15,0,2.0,0,0,2.71,0.58,0.31,-0.5559245568530178,39.538
-0.4832390011659588,20,0,1.0,1,0,3.22,1.22,0.11,1.3032747787476853,36.0458
0.07414750329119557,15,0,2.0,0,0,2.05,1.59,0.48,0.2590327926663254,82.3678
-0.18751186594887778,9,1,1.0,2,1,2.81,1.91,0.24,0.006072025154969758,63.1719
-0.6024761820854859,9,0,1.0,1,0,5.0,1.78,0.11,-1.4559290609666957,33.4311
0.10301047168838265,9,0,4.0,0,0,2.63,1.33,0.33,0.6235205980706189,69.4707
-1.1802087134455754,9,0,1.0,1,2,3.99,0.96,0.19,-1.5630947063163343,8.9203
-0.4316641887840999,15,0,1.0,2,0,4.75,0.98,0.36,0.7970417156861669,54.4946
-0.9720168102527503,20,0,1.0,1,0,3.51,1.2,0.39,-0.20358634496220082,33.7491
-0.05597243620432008,9,0,2.0,2,0,4.39,0.93,0.1,-0.3244592240193512,34.2597
-0.766190724141662,9,0,3.0,1,1,4.93,0.97,0.17,0.04532455804466283,26.9202
-1.0690153106039528,20,0,2.0,2,0,2.49,1.29,0.21,-0.06277567142139678,21.7323
-1.1470872743012623,9,1,1.0,1,0,2.9,0.59,0.12,0.9655783846808015,16.1211
5.58210371821442,9,0,3.0,0,1,2.82,0.83,0.49,-0.04782232555865665,325.0989498
0.2108917306155737,15,0,3.0,0,0,4.45,1.2,0.23,1.7836510145882156,70.5144
0.9958698383357938,20,0,2.0,0,0,2.27,1.7,0.14,1.2440844513743388,99.5104
-0.06969417527839261,20,0,2.0,2,0,3.03,1.61,0.39,-0.28396057897442956,65.9299
-0.5182530939756611,20,0,4.0,1,2,4.94,1.14,0.44,0.9805317305435419,65.1668
0.5766470514520597,15,0,4.0,1,0,3.89,1.0,0.2,-1.625088786038945,45.782
-1.2081253550100677,15,0,1.0,1,0,4.46,0.52,0.14,1.2596608533146934,19.9412
0.6712797347215257,15,1,4.0,1,1,2.21,1.22,0.19,0.574922224016713,68.6544
-0.3185781322770881,15,0,2.0,1,1,2.36,0.85,0.2,0.3297496574755343,34.726
-0.9038812782987348,9,0,2.0,0,1,4.79,1.79,0.46,0.29703921340079015,53.1349
-0.6866992701953105,9,0,4.0,2,0,3.49,1.56,0.33,-0.5440864913783483,38.8144
0.26388603324647486,20,0,1.0,0,0,4.13,1.96,0.26,-1.314495331348278,74.5998
-0.4416006205273937,15,0,2.0,1,1,4.99,1.9,0.18,-0.5412827390290844,48.027
-1.2332030160764762,9,0,4.0,0,0,4.45,1.27,0.18,0.8107489493936787,22.4347
-1.1721649353676709,15,0,1.0,1,0,3.79,0.73,0.28,-1.6201043374180315,8.7296
0.7167034226908694,9,0,3.0,0,0,4.66,1.05,0.34,0.031928852375958036,71.095
0.36466984092845584,15,0,3.0,1,0,3.23,1.43,0.38,0.3228960406217784,81.3986
4.206173877461272,9,0,2.0,0,0,3.81,0.74,0.25,1.5263288545335605,248.2952089
-1.0401523422067658,9,0,2.0,2,0,3.89,1.95,0.45,-1.5942475101970432,19.973
-0.12694694865641953,9,1,2.0,2,2,3.25,1.87,0.33,0.2842665638096996,73.5818
-0.16905849271133191,15,0,1.0,1,2,2.43,0.75,0.28,1.2880099048461382,49.4676
-0.8650818781582537,20,0,1.0,2,0,2.28,0.68,0.13,-0.9035898481617283,12.9998
0.16120957189910423,15,0,1.0,2,0,2.71,0.79,0.35,0.8537398187490571,58.5727
0.2056869330357531,15,0,4.0,0,1,2.63,1.12,0.43,1.572746532315817,86.8977
-1.1617553402080296,15,0,1.0,2,0,4.21,1.17,0.3,0.5842680651809256,32.1514
-0.39806958622343946,23,0,1.0,2,1,2.96,1.4,0.15,-0.19735578418605895,38.3875
-0.10044979734096914,20,0,2.0,2,2,2.49,0.84,0.22,1.5260173264947536,48.4142
0.7190692397726058,15,1,4.0,1,0,4.88,1.9,0.38,-0.08551721825431437,108.9734
-1.1030830765809605,15,1,3.0,2,0,3.22,0.53,0.3,-0.04408398909297167,23.7068
0.22272081602425695,20,0,3.0,1,0,4.29,0.99,0.27,-1.3247757566289118,41.6562
0.9130662404750111,9,0,4.0,2,1,2.06,1.86,0.15,0.28707031615896356,100.2662
0.06752321546233293,15,0,3.0,0,1,3.76,1.45,0.18,0.45809920946405486,59.8754
-0.3668408007445157,23,0,3.0,0,0,3.37,0.61,0.12,0.04158622157897762,23.1614
0.22461346968964657,9,0,4.0,2,1,3.55,1.86,0.18,1.1571681285471611,81.8518
0.9159052209730951,20,0,4.0,1,0,4.15,1.3,0.23,-1.724466230418406,66.9071
-0.37157243490798886,9,0,4.0,1,0,3.33,0.96,0.49,0.7204058181396233,64.0787
0.8321552962796177,23,0,3.0,2,0,2.7,0.77,0.24,0.2559175122782547,54.4368
-1.1059220570790447,9,1,2.0,1,1,3.77,1.94,0.1,-0.5154259118080962,16.834
-1.0330548909615558,23,0,3.0,1,0,2.63,1.25,0.44,1.5154253731753127,58.6618
-1.2246860745822243,9,1,1.0,1,0,2.71,0.62,0.11,-1.290196144321325,6.1269
0.31688033587737563,15,0,1.0,0,0,4.49,1.01,0.46,-1.7546844501826937,41.8347
-1.1016635863319186,9,0,3.0,1,0,3.25,1.78,0.31,1.5422167845127221,45.7545
-1.212856989173541,15,1,4.0,0,0,4.01,0.79,0.25,-0.5771084634918998,16.5256
-0.6133589406614744,15,1,1.0,1,1,3.46,0.9,0.12,-1.0026557645023824,20.3458
-0.9928360005720328,9,1,3.0,2,0,2.61,1.65,0.12,0.3260113210098496,22.4883
0.3485822847726468,15,1,2.0,2,0,3.88,0.81,0.28,-0.18333702243974012,48.0066
0.7678050716563809,9,0,3.0,1,0,4.99,1.2,0.46,-0.6250837814681913,76.9996
0.5960467515223001,15,0,1.0,0,1,3.46,1.9,0.43,0.7007795516947765,116.4206
-0.612885777245127,20,0,4.0,0,0,3.7,0.81,0.18,0.8266368793728404,31.609
-0.8556186098313073,9,0,2.0,2,0,4.75,1.04,0.26,0.7306862434202571,37.0004
0.4734974266883419,23,1,2.0,2,0,4.4,0.72,0.23,-0.6562365853489002,40.9764
0.6036173661838575,15,0,1.0,2,0,3.35,1.26,0.26,-1.4132497196501248,58.6974
1.0294644408964542,9,0,2.0,2,0,4.16,1.19,0.16,-0.7942435065404403,68.9135
-0.31006119078283617,9,0,2.0,2,0,3.76,1.85,0.3,1.2098163671055588,73.215
-0.4042207106359547,9,0,3.0,2,0,3.48,1.9,0.42,1.742217785426873,89.472
-0.4766147133370962,15,1,1.0,2,0,3.39,1.24,0.3,-1.7353697117766542,27.174
0.8913007233230339,20,0,1.0,0,0,2.74,1.84,0.44,-1.2683891816048287,97.7908
0.48248753159894103,20,0,2.0,0,1,3.6,1.13,0.45,1.6095068408950532,97.5766
-1.0278500933817352,9,0,3.0,2,0,3.89,0.84,0.33,-0.4624661452108913,24.4754
-0.09524499976114836,9,0,3.0,0,0,2.39,0.56,0.21,1.026014824209377,36.7152
0.6495142175695484,20,0,3.0,1,0,3.13,1.47,0.42,0.9362947490329353,102.7246
0.809443452294946,15,0,1.0,2,0,3.87,0.58,0.5,0.47523325159844465,68.4404
-0.36447498366277903,20,0,2.0,2,2,3.34,0.85,0.15,0.5154203686045592,32.155
0.9357780844596828,9,0,4.0,1,0,4.78,1.97,0.27,1.013242174618286,123.928
0.9371975747087248,9,0,3.0,1,0,4.13,0.8,0.31,1.355299961228469,74.8463
0.06279158129885974,9,0,4.0,0,0,3.26,0.82,0.12,-0.9976713158814691,30.698
-0.22725759292205347,23,1,2.0,1,1,2.25,0.76,0.2,-0.04034565262728647,31.8132
-1.0552935715298803,9,1,1.0,2,0,2.52,0.82,0.17,0.4338000224371019,19.8829
-0.1203226608275569,9,0,3.0,1,1,3.94,1.35,0.13,1.1961091333980471,51.0291
0.007431461586222083,23,1,4.0,1,0,4.15,0.56,0.2,0.35903329312340054,34.4608
0.7914632424737473,23,1,4.0,2,0,4.02,1.47,0.45,-1.1820959148552654,80.181
-0.9952018176537694,20,1,4.0,1,1,4.68,1.46,0.17,1.7409716732716445,34.5311
0.4985750877547504,15,1,1.0,1,0,2.99,0.64,0.41,-0.9556150306425121,40.2799
0.16641436947892482,15,1,1.0,2,2,2.74,1.14,0.34,-1.1565506156730838,46.8086
-1.0718542911020368,9,1,4.0,1,0,3.17,1.92,0.21,0.4132391718758342,28.7693
0.35851871651594075,9,0,1.0,2,0,4.2,1.21,0.15,0.5353581630882129,58.825
0.63863145899356,20,0,1.0,1,0,2.64,1.65,0.33,1.4310012746585918,106.2963
-1.0699616374366476,23,0,2.0,2,0,3.23,1.72,0.25,-0.1138662697857593,26.6477
0.9296269600471677,9,0,2.0,1,1,3.02,1.64,0.16,1.3247702134253745,97.4848
0.48012171451720453,20,0,2.0,2,1,2.02,0.84,0.39,1.5643352752680257,77.5684
-0.28309087605103833,20,0,2.0,0,0,4.37,1.17,0.34,-1.7512576417558157,31.7717
0.8345211133613541,15,0,2.0,1,0,3.85,0.51,0.12,0.2531137599289908,35.4031
-1.008923556727842,9,0,2.0,1,0,2.13,1.73,0.46,-0.5549899727365964,33.5331
-0.12458113157468285,23,0,3.0,0,1,3.87,1.04,0.31,-0.6141803001099432,43.0697
-1.2403004673216862,15,0,4.0,0,0,2.93,1.31,0.37,0.5400310836703189,34.2628
0.08597658869987881,15,0,3.0,2,1,4.32,1.46,0.29,-1.7285160949228981,49.36
0.9641678894405226,23,0,2.0,1,0,3.45,0.95,0.34,0.22445318035873862,72.6627
-0.39759642280709206,9,0,3.0,2,0,4.69,0.69,0.11,0.5998444671212799,26.9741
-0.6043688357508752,23,0,3.0,1,2,4.72,1.76,0.21,0.3503105080368021,46.4647
0.7469858813370984,15,0,3.0,1,1,2.26,1.04,0.11,0.867447052456569,57.4261
-0.7482105143204634,20,0,2.0,2,2,4.81,1.49,0.27,0.27647836283952243,41.7194
-1.1669601377878502,20,1,3.0,1,0,4.42,0.59,0.16,-0.7852091934150348,12.1141
0.799507020551652,15,1,2.0,2,1,4.55,1.12,0.46,-1.4849011685757552,61.094
-0.043197023962942206,15,0,4.0,1,0,2.87,1.32,0.31,-0.2313123404160317,55.1892
1.0356155653089694,15,1,4.0,0,0,4.86,1.15,0.16,0.2157303952721401,72.969
0.9807286090126792,20,0,1.0,1,0,3.61,1.66,0.39,0.535981219165827,114.9417
-0.05407978253893081,15,1,1.0,2,0,3.73,0.56,0.38,-0.5780430476083208,35.0854
0.192438357378028,20,0,3.0,0,2,3.94,0.79,0.18,0.9341140527612859,45.6194
3.785964606365698,9,1,1.0,0,0,2.05,1.3,0.18,0.5537383173778307,322.7259961
-0.21306269043163353,15,1,2.0,1,0,4.88,1.9,0.38,0.5135512003717166,78.8508
0.0878692423652681,15,0,3.0,0,0,2.43,1.76,0.28,-1.7294506790393194,56.3456
-1.161282176791682,15,0,2.0,1,1,3.7,1.14,0.41,-0.423213612321198,27.1606
-0.6152515943268637,15,1,4.0,2,0,4.8,1.21,0.28,1.6067030885457898,54.4237
0.17114600364239818,15,0,1.0,1,0,3.63,0.86,0.19,-1.04035065719804,36.0271
-0.19177033669600374,15,0,3.0,2,0,2.22,1.89,0.15,-0.7095078799849124,52.9083
-0.4477517449399091,15,0,1.0,2,1,4.05,1.37,0.21,0.07460819369252907,42.6209
0.08644975211622621,15,0,2.0,1,0,3.51,1.5,0.18,-1.1777345223119662,52.2336
-1.086522357008804,15,1,1.0,1,0,4.3,1.87,0.28,1.732560416223853,46.1779
0.9925576944213624,15,1,2.0,2,1,3.46,1.02,0.46,-1.3836545559634514,61.1936
1.0195280091531602,20,0,1.0,1,0,2.45,1.43,0.14,1.5683851397725177,88.6814
0.35189442868707815,15,1,4.0,2,0,3.94,0.56,0.39,1.5026527235842222,66.581
-0.023797323892701682,15,1,3.0,0,0,2.52,0.78,0.37,0.11199155834937975,47.996
-0.889686375808315,15,0,1.0,1,0,4.89,1.07,0.25,-0.5500055241156829,25.5304
0.1555316109029362,20,0,4.0,1,0,4.41,0.88,0.44,-0.7431529081760778,48.4496
-0.29728577854145827,20,1,4.0,1,1,4.45,1.71,0.28,-0.45561252835713517,54.4139
0.7413079203409303,9,0,1.0,1,0,3.51,0.79,0.19,-1.583032500799988,39.9195
-1.2057595379283312,9,1,1.0,1,0,4.26,1.8,0.41,-1.5042159069817946,13.9334
-0.3938111154763135,15,0,1.0,0,0,2.4,0.86,0.29,-1.3986079018261917,24.0367
0.6126074710944567,20,0,2.0,0,0,3.64,0.62,0.35,1.1422147826844207,63.3579
1.0223669896512444,9,0,1.0,1,0,3.64,1.03,0.28,-1.6310078187762795,57.153
0.11058108634993993,9,0,3.0,2,0,3.25,1.33,0.3,-0.7939319785016331,54.1983
-0.38387468373301953,23,0,2.0,1,0,4.56,1.73,0.44,1.3521846808403986,84.873
0.6854746372119455,9,0,3.0,0,1,2.3,1.69,0.26,-0.6755513237549396,84.1558
0.6769576957176935,15,1,1.0,2,1,2.27,1.41,0.19,0.08426556289554887,73.8635
-0.1799412512873205,9,0,1.0,0,0,2.79,1.24,0.26,-0.401718177643509,45.2346
-0.30485639320301555,9,0,1.0,1,0,4.62,0.56,0.43,0.2512445916961482,46.6175
-0.632758640731715,15,1,2.0,1,0,2.39,1.98,0.19,-1.3599784250141127,34.3543
0.7379957764264989,15,1,3.0,1,0,2.3,0.73,0.42,-0.24564263020115779,56.6149
0.6178122686742773,15,0,1.0,2,0,3.87,1.5,0.24,-0.5225910567006593,75.927
1.0512299580484314,15,1,3.0,1,0,3.07,0.93,0.36,0.7739886408144424,80.7619
5.285404454563551,20,0,1.0,1,0,4.37,1.38,0.2,-0.4665160097153833,296.0886973
0.021153200660294604,9,0,3.0,0,0,2.7,1.38,0.14,1.2151123437652793,55.7598
0.9234758356346523,9,1,1.0,0,0,2.71,1.75,0.14,0.807633669005608,97.7525
-0.6933235580241732,15,0,3.0,2,2,4.62,1.17,0.44,1.2609069654699214,64.9824
-0.22205279534223288,9,1,4.0,2,1,2.38,1.31,0.24,0.8655778842237264,54.1212
-0.9672851760892771,15,1,2.0,2,1,4.6,1.5,0.49,-1.011690077627788,29.9765
0.13849772791443238,9,1,4.0,1,0,2.38,1.09,0.21,-0.6372333749816679,44.5307
-0.7368545923281274,15,1,1.0,2,0,3.28,1.47,0.12,1.7266413834865186,35.284
0.2903831845619251,9,0,2.0,2,0,2.48,0.73,0.38,-0.8500070254869091,40.3595
-1.0037187591480214,20,0,4.0,1,0,2.32,1.59,0.38,-0.3472007708522685,32.0088
-0.06023090695144605,9,0,1.0,0,0,4.44,0.81,0.45,1.644397981241447,77.4795
-0.06070407036779345,23,0,1.0,0,0,3.54,1.82,0.15,1.1643332734397243,66.6318
0.7091328080293119,15,0,2.0,2,1,4.85,1.29,0.17,0.18987356805115183,71.5568
0.012636259166042683,20,1,4.0,0,0,3.61,1.89,0.48,-1.6241542019225237,61.2568
-0.9559292540969411,15,0,3.0,0,0,3.42,1.7,0.23,1.3076361712909845,40.163
0.36561616776115063,15,1,2.0,1,1,3.21,1.91,0.35,1.5347401115813522,109.8965
-0.7728150119705246,9,1,1.0,1,1,3.0,1.28,0.2,1.2845830964192602,38.2552
-0.9507244565171205,20,0,3.0,2,0,3.48,1.52,0.48,1.005765501686916,60.3264
-0.45390286935242435,20,0,2.0,0,1,2.72,0.7,0.49,0.03660177295806432,46.316
0.8293163157815336,15,1,3.0,2,1,2.32,0.73,0.28,-1.66091451050176,37.7718
-0.4595808303485923,15,1,3.0,0,0,2.72,0.77,0.33,-1.2979843452915023,23.279
-0.34744110067427514,20,0,2.0,2,0,2.51,1.43,0.39,-0.25529999940417736,52.6406
0.7327909788466784,9,0,4.0,2,2,2.92,1.26,0.43,-0.44470904699888725,77.8741
-0.9256467954507119,9,1,3.0,2,0,2.97,1.36,0.34,1.0390990018392747,46.4968
0.88136429157974,15,0,4.0,1,0,3.63,1.46,0.33,0.9643322725255734,101.9914
-0.1260006218237249,15,0,4.0,2,0,3.66,1.34,0.25,0.8185371503638559,59.3324
-0.20217993185564495,9,0,4.0,2,0,3.34,1.0,0.23,-0.5593513652798957,36.9301
1.0053331066627404,15,1,4.0,1,0,4.9,1.65,0.16,-0.08707485844834971,95.2278
-0.12458113157468285,15,0,2.0,2,1,3.13,1.15,0.19,-0.5852081925008841,40.2186
-0.9677583395056243,15,0,4.0,2,0,2.62,1.43,0.39,1.7403486171940303,58.9867
-0.9147640368747235,20,1,3.0,1,0,2.06,0.63,0.45,0.42289654107885405,41.3072
0.2189355086934784,23,1,4.0,1,0,4.33,1.88,0.28,-1.5157424444176568,68.9296
-0.845209014671666,9,0,1.0,2,1,3.02,1.53,0.33,-0.022277026376475394,38.3486
-0.46525879134476017,9,0,1.0,0,0,3.69,0.69,0.49,0.7453280612441903,58.0861
0.8122824327930297,20,0,1.0,1,0,2.61,1.04,0.31,0.06837763291638721,69.1938
-0.8674476952399905,9,0,1.0,1,0,4.56,0.57,0.18,-1.4612250376264164,12.6264
-1.1721649353676709,20,0,2.0,1,0,4.62,1.83,0.33,-0.4154254113510208,26.1117
-0.8750183099015477,9,0,3.0,2,0,3.06,0.51,0.43,0.29485851712914074,38.4475
-0.6209295553230317,15,0,4.0,2,0,4.17,0.8,0.5,1.0671365253319125,63.93
-0.8565649366640018,9,1,4.0,2,0,2.96,1.94,0.26,-0.6082612673726087,32.7178
-0.9871580395758649,9,0,3.0,1,0,2.38,0.89,0.42,-1.2852116957004114,17.1693
-0.1983946245248664,15,0,2.0,2,0,2.54,0.6,0.34,-0.7266419221193021,29.778
0.33391421886587946,15,0,3.0,2,2,4.83,1.12,0.41,0.7998454680354308,79.7146
-1.175477079282102,20,1,2.0,2,2,4.93,1.58,0.3,1.6091953128562464,43.6034
0.5865834831953537,15,0,2.0,2,1,3.13,1.88,0.22,0.12040281539717101,93.1014
0.18912621346359668,15,0,4.0,1,0,4.77,1.11,0.49,0.16432826886897037,72.9137
-1.0770590886818576,15,1,4.0,1,1,3.63,0.79,0.37,-0.11853919036786557,29.0553
0.7588149667457817,15,0,3.0,2,0,2.81,1.28,0.26,-0.602653762674081,69.9316
0.8681157159220146,15,0,3.0,1,0,4.11,1.86,0.21,-0.06620247984827475,102.4302
5.25168553304688,23,0,2.0,0,0,3.98,1.71,0.39,0.3892515128876881,332.0436887
0.4678194656921737,20,0,4.0,2,0,4.02,1.36,0.31,1.318539652649233,87.5241
-0.4080060179667334,15,0,2.0,2,0,2.01,1.3,0.15,0.5852026492973469,38.9965
-0.14350766822857614,23,1,3.0,0,0,5.0,1.82,0.36,1.4362972513183123,88.8816
-0.4113181618811647,15,1,4.0,2,0,4.36,1.22,0.1,1.6752392570833488,39.1976
-0.19460931719408767,9,0,3.0,2,0,3.53,0.61,0.15,-0.2805337705475516,25.8856
-0.6814944726154899,15,0,2.0,1,1,2.85,1.92,0.19,1.6353636681160415,50.2412
0.3869085214967806,20,0,2.0,1,0,3.13,0.92,0.41,-0.8939324789587084,49.7873
-0.03326059221964824,20,0,1.0,2,0,2.23,0.74,0.25,-0.8082622682867592,31.2318
-1.0183868250547887,23,1,4.0,2,2,2.05,1.23,0.37,1.011996062463058,44.6322
-0.704679480016509,9,1,2.0,1,0,4.8,1.44,0.49,-0.6135572440323289,43.9909
-0.3919184618109242,23,1,4.0,2,1,4.41,0.69,0.22,0.44158822340727916,34.5781
0.79808753030261,20,0,1.0,2,1,2.5,1.58,0.11,-0.29766781268194137,78.7809
0.5629253123779872,20,0,1.0,2,0,3.88,1.16,0.23,-0.30420990149689026,61.871
-0.11133255591695757,20,0,4.0,2,0,4.84,1.43,0.2,0.17928161473171073,54.7066
-1.0652300032731743,9,0,1.0,1,0,3.74,1.65,0.31,0.17678939042125408,33.344
0.0940203667777835,9,0,3.0,2,1,2.15,1.94,0.14,-1.2873923919720611,62.7544
0.4616683412796586,15,0,4.0,1,1,2.19,1.84,0.48,0.007006609271390837,101.0292
-0.2660569930625345,9,1,2.0,1,0,2.56,0.91,0.42,-1.164338816643261,32.9855
-0.6086273064980011,15,1,1.0,2,0,4.23,1.28,0.38,1.5708773640829743,65.9698
-0.42503990095523725,15,1,3.0,0,1,4.17,1.19,0.25,0.3970397138578653,45.1726
0.05664045688634433,15,0,3.0,2,0,4.51,1.37,0.41,-0.3306897847954928,65.195
-0.44112745711104645,15,0,4.0,2,0,2.46,1.59,0.49,1.4861417375274464,85.4652
0.13755140108173775,23,0,1.0,2,0,2.75,1.44,0.27,0.9852046511256484,72.1607
-1.0306890738798191,23,0,3.0,2,0,2.76,1.57,0.25,1.6690086963072073,41.0143
-0.6966357019386044,9,0,1.0,1,0,3.22,1.79,0.12,1.2889444889625594,38.9635
-0.8944180099717883,23,0,3.0,1,0,4.96,1.19,0.37,-1.1534353352850133,24.6913
-0.8646087147419065,15,0,1.0,1,0,2.16,1.22,0.43,-0.799851011238968,29.2945
-1.0808443960126362,20,1,1.0,2,0,2.16,1.07,0.29,-1.6559300618808466,9.9494
-0.050767638624499484,20,0,4.0,2,0,4.51,1.62,0.22,-1.4976738181668456,50.789
-0.31526598836265673,20,1,3.0,0,0,3.54,0.65,0.36,-0.7889475298807198,30.4015
1.0110110676589084,15,0,3.0,0,1,3.58,1.21,0.22,-1.054057890905552,69.1972
-0.34460212017619124,15,0,1.0,0,0,2.51,1.66,0.39,1.0883204319707946,74.2598
0.7398884300918882,15,0,2.0,1,1,2.96,1.25,0.14,-1.7497000015617803,58.0149
-0.668719060374112,23,1,2.0,2,1,2.63,1.11,0.16,-0.30888282207899675,26.076
-0.8707598391544219,15,0,1.0,2,0,2.35,1.67,0.13,-1.3621591212857622,20.3509
0.8879885794086025,9,0,2.0,1,1,2.07,0.84,0.22,0.7450165332053831,60.0264
0.02399218115837869,20,0,2.0,2,1,4.41,1.88,0.16,0.8123065895877144,71.6404
-0.6176174114086004,15,0,4.0,2,0,2.89,1.07,0.47,-1.769949324084241,20.9951
0.5175016244086436,15,0,2.0,2,1,2.41,1.25,0.31,1.647201733590711,86.3545
-0.5163604403102718,9,0,1.0,2,0,4.09,1.34,0.45,1.468384639315442,75.7144
-0.28025189555295427,15,0,3.0,0,1,3.93,1.23,0.26,-1.7141858051377723,32.5735
-0.704679480016509,9,0,4.0,2,1,4.81,0.76,0.18,1.1309997732873656,32.2622
-1.0004066152335902,15,1,4.0,2,0,4.08,1.72,0.25,1.2291311055115985,40.8036
0.14890732307407376,9,0,4.0,1,1,2.47,1.31,0.23,-1.435991266483042,46.5931
-0.5977445479220125,9,0,3.0,1,1,2.73,0.7,0.37,0.8764813655819743,46.6132
-0.15107828289013342,15,1,1.0,2,0,2.22,1.92,0.13,0.27367461049025854,58.5929
-1.146614110884915,15,1,2.0,1,2,3.21,0.7,0.26,-0.18333702243974012,20.2324
-0.48655114508039016,15,0,2.0,1,0,4.76,1.28,0.47,0.3767903913354048,61.8896
-1.1196437961531172,15,1,4.0,1,2,2.27,1.9,0.37,1.5718119481993957,51.6226
1.0285181140637594,9,1,2.0,2,0,4.84,0.78,0.2,-1.4976738181668456,46.2078
-0.6762896750356693,15,0,3.0,1,1,3.21,1.07,0.22,1.0668249972931052,38.769
-0.31195384444822544,15,0,2.0,1,1,3.05,1.26,0.32,-0.3288206165626502,46.1432
-0.4581613400995503,9,0,4.0,2,0,4.32,0.72,0.25,-1.686148281645134,19.2698
0.8884617428249498,23,0,3.0,0,0,4.41,1.42,0.3,-0.5901926411217974,83.375
0.9707921772693853,15,1,3.0,2,1,3.1,1.57,0.23,1.492683826342395,104.1555
0.42760057530265094,9,0,2.0,1,0,2.45,1.87,0.39,-1.3135607472318567,78.9521
0.9088077697278849,9,1,4.0,1,0,4.4,1.92,0.45,-1.4369258505994633,101.6666
-0.8466285049207078,9,1,1.0,2,0,4.12,0.87,0.18,0.3409646668725895,25.8142
0.45125874612001743,9,0,2.0,0,0,3.1,0.95,0.46,-0.8160504692569364,54.9343
0.06515739838059625,15,0,2.0,2,0,2.32,1.84,0.24,1.4521851812974735,81.9816
0.5771202148684069,23,0,3.0,2,1,4.96,0.67,0.15,1.4191632091839221,47.8469
-0.8859010684775362,15,1,2.0,2,0,3.74,0.51,0.18,-0.06526789573185367,19.1069
0.6215975760050558,15,0,1.0,2,0,4.73,1.16,0.28,-1.3310063174050535,57.5336
0.27524195523881084,15,0,1.0,1,1,3.66,0.57,0.42,1.5540548499873914,69.7245
0.7668587448236861,20,1,4.0,1,0,4.53,1.21,0.32,-0.45498947227952113,72.8562
-0.19413615377774027,20,0,1.0,2,2,4.76,1.73,0.38,-0.571189430754565,62.2353
0.466399975443132,20,0,4.0,2,0,3.63,0.68,0.11,0.7325554116530998,38.6058
-0.10139612417366377,9,0,3.0,2,1,4.22,1.3,0.26,0.7515586220203321,59.886
-0.7283376508338755,15,0,2.0,2,1,4.27,0.93,0.23,-0.005766040319699678,29.9606
-0.37677723248780964,9,0,3.0,1,1,2.5,1.5,0.19,-0.017604105794369114,43.8544
0.8349942767777018,20,1,3.0,2,0,4.16,0.74,0.47,-1.0559270591383945,50.8979
-0.9956749810701168,15,0,4.0,1,0,3.39,1.78,0.47,-1.6185466972239961,20.0083
0.9121199136423163,9,0,4.0,1,2,2.52,1.87,0.49,0.4995324386253976,128.6549
0.18865305004724944,9,0,3.0,1,0,3.01,0.9,0.1,-0.8799137172123896,34.952
-0.9441001686882579,23,1,2.0,1,1,3.2,0.98,0.27,0.991123683862983,36.1464
0.5742812343703229,20,0,4.0,2,0,3.65,1.33,0.44,-0.5979808420919746,75.4875
0.17067284022605078,23,0,4.0,0,0,3.86,0.58,0.2,-0.9026552640453069,28.6304
-0.02994844830521692,15,1,2.0,2,0,3.99,0.57,0.49,-1.1646503446820684,31.4354
0.8056581449641671,9,1,1.0,1,0,4.51,1.58,0.35,1.005765501686916,108.2325
0.5615058221289452,15,0,4.0,2,1,2.65,1.17,0.42,-1.305461018222872,57.3952
-0.6904845775260892,9,0,4.0,2,0,2.47,1.5,0.4,0.6923682946469851,55.86
0.4578830339488801,15,0,4.0,1,0,4.92,0.5,0.11,0.49859785450897626,32.2063
-1.1891988183561746,9,0,1.0,2,2,4.53,1.71,0.43,1.1341150536754367,51.2833
0.05427463980460782,15,1,1.0,2,0,3.5,0.62,0.11,-1.6098239121373976,22.5469
0.5009409048364869,20,0,3.0,2,0,4.94,0.79,0.36,-0.7082617678296838,49.3168
0.637211968744518,15,0,1.0,0,0,3.91,1.03,0.38,-0.7341185950506722,60.926
0.6958842323715866,20,0,4.0,0,0,4.79,1.95,0.14,0.09953043679709604,96.7288
-0.9190225076218493,15,0,4.0,2,0,3.96,1.81,0.4,-0.5658934540948446,36.5375
-0.7354351020790855,15,0,4.0,2,0,2.77,0.95,0.3,-0.7303802585849871,25.9025
0.21988183552617319,20,0,4.0,1,0,2.58,1.41,0.11,-1.484278112498141,49.852
0.34195799694378415,9,0,2.0,1,2,4.48,1.36,0.23,-0.2727455695773744,64.2861
-0.008656094569587118,23,1,1.0,2,0,3.69,0.58,0.49,1.607637672662211,75.2729
-0.8456821780880134,15,1,3.0,2,0,2.62,0.81,0.34,1.2618415495863426,45.4312
0.8392527475248276,20,0,4.0,2,1,3.71,1.26,0.44,0.8531167626714427,100.305
0.08597658869987881,15,1,4.0,0,2,4.6,1.32,0.28,0.4185351485355548,64.7316
-0.0938255095121065,15,0,2.0,2,0,4.86,0.66,0.13,0.15840923613163574,30.5797
0.15079997673946302,15,0,2.0,0,0,2.96,1.24,0.18,0.2540483440454121,53.9468
0.7550296594150028,9,0,4.0,1,0,4.64,1.97,0.44,1.4621540785393008,138.6425
0.3485822847726468,9,1,2.0,2,0,4.17,1.05,0.11,1.6095068408950532,53.5509
0.3727136190063605,23,1,4.0,1,1,4.35,0.69,0.42,-0.8204118618002356,43.8543
-0.9133445466256814,20,1,2.0,0,0,3.33,1.15,0.2,0.003268272805705857,25.4565
0.1399172181634744,9,1,3.0,2,1,4.33,1.83,0.19,0.03940552530732822,72.553
0.8993445014009386,15,1,3.0,2,0,3.13,1.75,0.17,-0.8658949554660705,90.7801
0.8789984744980034,9,0,1.0,2,0,3.1,0.95,0.24,0.8512475944386005,68.5285
-1.0041919225643687,9,1,3.0,2,1,4.43,0.55,0.3,-0.5113760473036042,21.6555
1.0166890286550763,15,0,4.0,1,0,3.09,1.95,0.29,-0.821346445916657,109.4304
0.6783771859667356,20,0,1.0,0,0,3.57,1.29,0.21,-0.5169835520021318,67.3902
-0.9776947712489182,9,0,2.0,1,1,4.01,0.95,0.11,0.7674465519994933,20.2751
-0.0640162142822246,23,1,3.0,1,0,4.8,1.98,0.22,-1.4123151355337036,60.7394
0.1039567985210773,9,0,3.0,2,0,4.17,0.56,0.45,1.1138657311529758,64.8642
-0.3417631396781072,20,0,3.0,1,2,3.73,1.48,0.4,-0.44502057503769427,53.16
-1.1399898230560523,15,0,3.0,2,0,3.94,1.16,0.44,0.5531152613002167,43.224
-0.4898632889948213,15,0,4.0,2,0,2.09,1.92,0.3,0.8285060476056829,62.0624
0.5946272612732584,9,1,1.0,2,0,3.85,0.87,0.15,-1.019166750559158,43.3123
-0.34365579334349644,20,0,3.0,2,2,3.08,1.55,0.28,-0.23442762080410262,50.0745
-0.020958343394617763,15,0,4.0,0,0,2.24,0.6,0.13,-1.1169865547445839,22.0141
0.8657498988402781,15,1,3.0,0,0,2.58,0.79,0.43,1.605456976390561,87.7201
-0.4638393010957183,9,1,3.0,1,0,4.85,0.82,0.15,0.9347371088388999,33.3599
0.44321496804211274,20,0,3.0,1,0,3.4,0.78,0.45,-0.5602859493963168,52.0972
-0.21779432459510675,15,0,2.0,1,0,4.15,1.79,0.35,0.9733665856509788,78.1988
-0.9403148613574793,15,0,3.0,2,0,3.61,1.91,0.42,-0.18956758321588174,42.1098
-0.11133255591695757,20,0,4.0,1,2,2.73,1.03,0.41,-0.3855187196255403,49.1871
-0.4264593912042791,15,0,2.0,0,0,2.57,0.9,0.29,1.7263298554477113,53.4536
0.271456647908032,15,1,4.0,1,1,3.94,1.09,0.32,0.1696242455286909,61.9923
-0.8541991195822652,15,1,2.0,0,0,3.95,1.54,0.17,1.2512495962669015,36.2571
0.9613289089424388,15,1,1.0,0,0,4.47,1.23,0.29,0.9587247678270456,90.4747
-0.9223346515362807,23,0,4.0,2,2,3.25,1.27,0.49,-1.5615370661222987,19.4986
1.0446056702195687,9,0,3.0,2,0,4.94,1.21,0.11,1.3247702134253745,76.737
0.11342006684802403,15,0,4.0,2,0,4.13,1.91,0.36,1.2973557460103509,99.0039
0.47207793643929985,20,0,2.0,2,2,3.55,0.56,0.12,-0.5244602249335018,30.0888
0.8151214132911139,20,1,3.0,0,0,3.71,1.32,0.32,-1.0478273301294103,72.1308
-0.7912683852080703,23,0,4.0,2,0,4.76,0.75,0.18,-1.4898856171966686,15.5675
-1.1144389985732965,20,0,3.0,1,0,4.02,1.81,0.16,0.6901875983753357,25.095
0.531223363482716,20,1,1.0,1,0,2.19,1.56,0.43,0.09298834798214738,90.8983
-0.21590167092971746,15,0,4.0,2,0,3.4,1.18,0.15,1.2042088624070315,45.8598
-0.050767638624499484,9,1,1.0,2,0,2.72,1.31,0.19,-0.26838417703407513,47.8069
-0.24476463932690454,15,0,1.0,2,0,3.41,1.77,0.28,-1.075241797544434,51.0588
-0.3375046689309812,23,0,3.0,1,0,3.37,1.22,0.31,-0.7496949969910267,40.2564
0.03061646898724133,23,0,3.0,2,2,3.75,1.06,0.41,0.03940552530732822,59.7421
-0.9067202587968188,9,0,3.0,1,0,3.07,1.24,0.28,0.13317546498826152,32.2544
0.7313714885976363,9,0,2.0,1,1,3.51,0.78,0.35,1.064955829060263,70.8329
-0.40138173013787076,20,1,3.0,1,0,3.99,1.51,0.16,1.0269494083257984,48.2843
-1.2081253550100677,20,1,3.0,2,0,2.63,0.68,0.33,-1.4995429863996883,8.6709
-0.9048276051314296,15,0,3.0,2,1,2.12,0.62,0.26,-0.8864558060273385,16.1592
0.26104705274839074,15,0,3.0,0,0,4.48,1.1,0.19,-0.3032753173804689,50.9961
-0.751995821651242,15,0,2.0,2,0,4.67,0.63,0.27,-0.7026542631311562,22.7573
-0.7311766313319595,15,0,3.0,1,0,3.8,1.15,0.31,-1.727581510806477,19.9427
0.29085634797827264,20,1,4.0,1,0,3.59,0.76,0.17,-0.6929968939281366,36.0978
-1.2209007672514458,15,0,1.0,2,0,2.08,1.98,0.37,0.30077754986647537,32.4282
0.5880029734443958,9,0,3.0,0,0,3.38,1.53,0.2,0.14594811457935247,78.188
-0.8527796293332233,15,1,1.0,2,0,3.89,0.99,0.3,1.3702533070912095,45.2855
0.24637898684162343,9,0,3.0,0,0,3.67,0.64,0.49,1.4989143871185369,78.6478
-1.036367034875987,20,1,4.0,1,0,2.84,0.93,0.34,-0.11448932586337357,28.0701
0.40772771181606304,9,0,4.0,1,0,2.26,1.47,0.34,1.6300676914563212,94.5643
0.7171765861072166,15,0,2.0,2,0,3.24,0.54,0.14,1.8073271455375546,43.1998
0.2823394064840207,15,0,4.0,0,1,4.97,0.92,0.42,-0.41604846742863505,56.3682
-0.7917415486244177,20,1,2.0,0,0,2.83,0.59,0.38,-1.7412887445139889,11.597
-0.5873349527623714,15,0,1.0,1,0,3.49,0.74,0.34,-1.7372388800094967,16.9168
0.8113361059603352,9,0,2.0,1,0,2.99,1.84,0.28,-0.12009683056190115,101.8744
-1.2365151599909077,15,0,3.0,1,0,3.32,1.53,0.44,-0.02071938618244004,32.7396
-1.0685421471876055,20,0,4.0,1,1,4.57,0.87,0.48,-1.689263562033205,12.7333
-0.8461553415043606,20,0,2.0,1,2,2.61,1.36,0.33,0.2356681897557938,38.9591
-0.6654069164596806,15,0,3.0,1,0,3.54,0.76,0.3,-1.057796227371237,22.3206
0.18013610855299733,23,1,1.0,2,1,4.57,0.88,0.24,0.930687244334408,54.3684
-0.31763180544439346,15,1,3.0,2,0,3.19,1.74,0.28,-1.3746202428380458,44.7904
0.013109422582390087,15,0,1.0,2,0,2.6,1.23,0.15,-0.09424000334091287,45.9215
-0.25564739790289315,20,0,3.0,2,0,3.27,1.32,0.12,-1.516365500495271,34.3764
-0.58402280884794,20,1,3.0,2,0,3.16,0.96,0.41,0.3727405268309128,48.2267
0.503779885334571,15,0,1.0,1,0,4.29,0.63,0.4,0.1200912873583642,54.7666
-0.9417343516065212,15,0,2.0,1,0,3.52,1.57,0.16,0.08364250681793482,26.1975
-0.1368833803997135,9,1,2.0,0,0,3.4,1.54,0.2,0.19672718490490773,55.3432
0.8070776352132092,15,1,3.0,2,2,2.17,1.09,0.19,0.31822312003967235,64.7223
0.5875298100280482,15,0,1.0,2,0,2.79,1.12,0.1,-0.3313128408731071,52.9218
-0.28072505896930167,20,0,4.0,1,0,3.31,1.2,0.15,1.6297561634175142,46.639
-0.6436413993077035,15,1,4.0,1,2,4.84,0.65,0.15,-0.7478258287581842,19.7235
-0.011021911651323801,15,1,1.0,1,0,4.3,0.96,0.49,1.2540533486161656,80.7576
-0.668719060374112,9,0,4.0,2,1,3.77,1.5,0.15,1.1986013577085037,39.275
-0.9436270052719106,15,0,4.0,2,0,4.16,0.93,0.18,1.1777289791084287,29.3753
0.6689139176397888,15,0,2.0,2,0,4.82,1.19,0.34,-1.0936219518340522,63.7777
1.0157427018223817,15,0,2.0,2,0,4.64,0.79,0.13,0.741589724778505,54.6715
-0.0479286581264154,15,0,2.0,0,0,3.55,0.82,0.44,-0.7291341464297587,42.398
-1.224212911165877,9,1,1.0,1,0,3.66,0.82,0.28,0.829129103683297,29.9812
-0.9937823274047275,15,1,2.0,0,0,2.38,0.92,0.36,-1.767145571734977,10.4444
-0.631339150482673,9,0,4.0,0,0,2.81,1.46,0.21,-1.1568621437118911,29.0627
0.017841056745863282,15,0,2.0,0,0,2.06,0.61,0.18,-1.395804149476928,22.2951
0.24354000634353967,20,0,4.0,1,0,4.17,0.7,0.36,-0.9194777781408897,38.8456
-0.7884294047099865,20,1,3.0,2,0,3.79,1.01,0.17,-0.06526789573185367,25.1652
-1.241246794154381,15,0,3.0,0,0,3.62,1.56,0.38,-1.6104469682150115,9.8718
0.7592881301621289,15,0,4.0,1,0,2.19,1.48,0.15,-0.6123111318771006,73.3691
0.11815170101149722,15,1,4.0,2,0,3.66,0.67,0.41,-0.6285105898950694,41.0174
0.1257223156730545,9,1,2.0,2,0,4.52,1.3,0.37,-0.16339922795608644,65.0136
0.27524195523881084,9,0,4.0,2,0,4.99,1.16,0.15,0.47336408336560204,55.5074
-0.8603502439947806,15,1,2.0,0,0,3.29,0.9,0.38,-1.2459591628107185,20.2164
-0.29586628829241624,23,1,3.0,0,1,4.72,1.81,0.48,1.308570755407406,93.5096
-0.3786698861531989,23,0,4.0,1,0,2.57,2.0,0.16,-0.8521877217585587,47.6252
-0.06354305086587736,15,1,4.0,2,0,3.85,1.41,0.36,-0.40826026645845787,58.6555
-1.1579700328772509,15,1,2.0,1,0,3.22,1.11,0.25,1.3512500967239771,33.183
-0.881169434314063,15,0,2.0,2,2,2.12,0.84,0.48,0.6054519718198078,48.8108
0.4441612948748072,20,1,1.0,2,2,3.04,0.89,0.23,-0.545955659611191,46.3014
-0.4420737839437411,15,1,2.0,1,0,2.17,1.08,0.2,1.6496939579011678,45.0304
0.046230861726703126,15,1,2.0,0,1,4.8,1.42,0.22,0.06463929645070222,59.683
-0.16290736829881666,9,0,3.0,0,0,4.3,1.0,0.11,-0.4799117153840881,33.7362
0.9050224623971064,20,0,4.0,0,0,4.47,0.56,0.21,0.7014026077723909,48.4454
0.43185904604977676,9,1,4.0,1,0,3.94,1.81,0.28,1.396733190389812,100.5938
-1.1944036159359952,9,0,2.0,2,0,4.14,1.1,0.45,1.5191637096409978,56.6885
-0.658782628630818,23,0,4.0,2,0,4.77,1.25,0.38,1.150314511693405,59.6075
-0.11606419008043094,20,1,4.0,2,1,3.58,1.81,0.36,-0.7674520952030307,62.7976
0.11720537417880258,20,1,2.0,2,0,2.38,1.17,0.48,-1.3908197008560144,46.0189
-0.4917559426602107,9,0,2.0,1,1,3.78,1.01,0.1,-1.368078154023097,23.1248
0.5203406049067276,20,0,1.0,2,0,3.45,0.71,0.2,-0.7269534501581091,38.6747
-1.0198063153038306,15,1,4.0,2,0,3.87,1.16,0.47,0.43006168597141675,46.6313
-1.0926734814213195,15,1,4.0,2,1,2.03,1.24,0.47,1.111373506842519,53.6582
0.4214494508901355,9,0,4.0,1,0,2.58,1.11,0.39,1.4512505971810523,85.5747
0.32918258470240613,20,0,4.0,1,0,4.85,1.13,0.14,-1.7500115296005874,44.8859
-0.2584863784009772,15,0,2.0,1,0,3.15,1.94,0.31,-1.1026562649594578,54.6247
0.6324803345810446,20,1,3.0,2,1,4.14,1.71,0.17,-0.46869670598703295,82.442
0.5865834831953537,20,0,3.0,1,0,3.81,0.66,0.42,0.02600981963862321,56.6394
-0.6355976212297989,15,0,1.0,2,0,3.23,1.01,0.29,-0.521968000623045,30.7837
-0.42977153511871047,20,0,3.0,2,0,4.9,1.79,0.17,0.5478192846404961,51.8548
-1.0543472446971855,15,1,4.0,2,0,2.39,0.62,0.49,-0.10701265293200339,34.4049
0.9362512478760303,9,0,1.0,1,0,2.67,0.82,0.17,1.654678406522081,61.209
